id,4,4,4,4,4,4,4,4,4,4,4,4,4,4,4,4,4,4,4,4,4,4,4,4,4,3,3,3,3,3,3,3,3,3,3,3,3,3,3,3,3,3,3,3,3,3,3,3,3,3,3,3,3,3,3,3,3,3,3,3,3,3,3,3,3,3,3,3,3,3,3,3,3,3,3,3,3,3,3,3,3,2,2,2,2,2,2,2,2,2,2,2,2,2,2,2,2,2,2,2,2,2,2,2,2,2,2,2,2,2,2,2,2,2,2,2,2,2,2,2,2,2,2,2,2,2,2,2,2,2,2,2,2,2,2,2,2,1,1,1,1,1,1,1,1,1,1,1,1,1,1,1,1,1,1,1,1,1,1,1,1,1,1,1,1,1,1,1,1,1,1,1,1,1,1,1,1,1,1,1,1,1,1,1,1,1,1,1,1,1,1,1,1,6,6,6,6,6,6,6,6,6,6,6,6,6,6,6,6,6,6,6,6,6,6,6,6,6,6,6,6,6,6,6,6,6,6,6,6,6,6,6,6,6,6,6,6,6,6,6,6,6,6,6,6,6,6,6,6,5,5,5,5,5,5,5,5,5,5,5,5,5,5,5,5,5,5,5,5,5,5,5,5,5,5,5,5,5,5,5,5,5,5,5,5,5,5,5,5,5,5,5,5,5,5,5,5,5,5,5,5,5,5,5,5,7,7,7,7,7,7,7,7,7,7,7,7,7,7,7,7,7,7,7,7,7,7,7,7,7
time,1.0,2.0,3.0,4.0,5.0,6.0,7.0,8.0,9.0,10.0,11.0,12.0,13.0,14.0,15.0,16.0,17.0,18.0,19.0,20.0,21.0,23.0,25.0,27.0,29.0,1.0,2.0,3.0,4.0,5.0,6.0,7.0,8.0,9.0,10.0,11.0,12.0,13.0,14.0,15.0,16.0,17.0,18.0,19.0,20.0,21.0,23.0,25.0,27.0,29.0,31.0,33.0,35.0,36.0,37.0,38.0,39.0,40.0,41.0,42.0,43.0,44.0,45.0,46.0,47.0,48.0,49.0,50.0,51.0,52.0,53.0,54.0,55.0,56.0,57.0,58.0,59.0,60.0,62.0,63.0,65.0,1.0,2.0,3.0,4.0,5.0,6.0,7.0,8.0,9.0,10.0,11.0,12.0,13.0,14.0,15.0,16.0,17.0,18.0,19.0,20.0,21.0,23.0,25.0,27.0,29.0,31.0,33.0,35.0,36.0,37.0,38.0,39.0,40.0,41.0,42.0,43.0,44.0,45.0,46.0,47.0,48.0,49.0,50.0,51.0,52.0,53.0,54.0,55.0,56.0,57.0,58.0,59.0,60.0,62.0,63.0,65.0,1.0,2.0,3.0,4.0,5.0,6.0,7.0,8.0,9.0,10.0,11.0,12.0,13.0,14.0,15.0,16.0,17.0,18.0,19.0,20.0,21.0,23.0,25.0,27.0,29.0,31.0,33.0,35.0,36.0,37.0,38.0,39.0,40.0,41.0,42.0,43.0,44.0,45.0,46.0,47.0,48.0,49.0,50.0,51.0,52.0,53.0,54.0,55.0,56.0,57.0,58.0,59.0,60.0,62.0,63.0,65.0,1.0,2.0,3.0,4.0,5.0,6.0,7.0,8.0,9.0,10.0,11.0,12.0,13.0,14.0,15.0,16.0,17.0,18.0,19.0,20.0,21.0,23.0,25.0,27.0,29.0,31.0,33.0,35.0,36.0,37.0,38.0,39.0,40.0,41.0,42.0,43.0,44.0,45.0,46.0,47.0,48.0,49.0,50.0,51.0,52.0,53.0,54.0,55.0,56.0,57.0,58.0,59.0,60.0,62.0,63.0,65.0,1.0,2.0,3.0,4.0,5.0,6.0,7.0,8.0,9.0,10.0,11.0,12.0,13.0,14.0,15.0,16.0,17.0,18.0,19.0,20.0,21.0,23.0,25.0,27.0,29.0,31.0,33.0,35.0,36.0,37.0,38.0,39.0,40.0,41.0,42.0,43.0,44.0,45.0,46.0,47.0,48.0,49.0,50.0,51.0,52.0,53.0,54.0,55.0,56.0,57.0,58.0,59.0,60.0,62.0,63.0,65.0,1.0,2.0,3.0,4.0,5.0,6.0,7.0,8.0,9.0,10.0,11.0,12.0,13.0,14.0,15.0,16.0,17.0,18.0,19.0,20.0,21.0,23.0,25.0,27.0,29.0
Strain4,0.402,0.522,0.526,0.364,0.1708,0.175,0.254,0.242,0.278,0.222,0.26,0.308,0.248,0.278,0.348,0.258,0.248,0.412,0.264,0.34,0.322,0.346,0.39,0.344,0.454,0.368,0.15780000000000002,0.1376,0.1354,0.1732,0.214,0.254,0.316,0.334,0.224,0.13219999999999998,0.322,0.238,0.298,0.35,0.356,0.364,0.354,0.336,0.42,0.31,0.514,0.388,0.396,0.34,0.362,0.406,0.424,0.0,0.31,0.1494,0.17859999999999998,0.1512,0.1366,0.202,0.216,0.1278,0.142,0.09140000000000001,0.16140000000000002,0.0808,0.1196,0.15280000000000002,0.238,0.414,0.32,0.404,0.276,0.354,0.424,0.262,0.424,0.358,0.31,0.27,0.242,0.268,0.16440000000000002,0.12459999999999999,0.15319999999999998,0.18359999999999999,0.1742,0.24,0.24,0.296,0.268,0.26,0.27,0.256,0.264,0.362,0.29,0.332,0.288,0.336,0.384,0.394,0.472,0.432,0.344,0.226,0.288,0.432,0.44,0.298,0.14759999999999998,0.1372,0.12079999999999999,0.124,0.14859999999999998,0.15940000000000001,0.10940000000000001,0.1238,0.15580000000000002,0.0916,0.06459999999999999,0.1242,0.1328,0.282,0.324,0.366,0.376,0.38,0.404,0.468,0.43,0.3,0.558,0.382,0.296,0.294,0.23,0.822,0.16019999999999998,0.1124,0.1466,0.11259999999999999,0.185,0.226,0.41,0.314,0.302,0.324,0.426,0.36,0.29,0.314,0.274,0.33,0.5,0.314,0.32,0.378,0.268,0.408,0.372,0.272,0.312,0.38,0.438,0.29,0.216,0.184,0.1414,0.141,0.16219999999999998,0.159,0.1874,0.117,0.1502,0.096,0.1734,0.14880000000000002,0.11320000000000001,0.32,0.382,0.394,0.32,0.39,0.468,0.448,0.322,0.302,0.462,0.396,0.302,0.366,0.266,0.424,0.18919999999999998,0.1162,0.1318,0.228,0.218,0.234,0.282,0.27,0.23,0.23,0.254,0.29,0.256,0.3,0.248,0.428,0.428,0.368,0.462,0.364,0.364,0.448,0.282,0.32,0.3,0.42,0.406,0.28,0.214,0.1536,0.1792,0.1414,0.15880000000000002,0.0998,0.09659999999999999,0.13219999999999998,0.1272,0.1216,0.1438,0.1042,0.0906,0.246,0.53,0.374,0.468,0.564,0.432,0.374,0.314,0.492,0.41,0.358,0.35,0.246,0.334,0.366,0.328,0.15880000000000002,0.1662,0.21,0.1458,0.258,0.302,0.18680000000000002,0.244,0.1804,0.314,0.0416,0.312,0.332,0.312,0.474,0.318,0.37,0.492,0.38,0.364,0.424,0.344,0.318,0.434,0.52,0.376,0.0,0.1804,0.1254,0.1704,0.174,0.1402,0.1708,0.1326,0.17,0.12359999999999999,0.13319999999999999,0.1412,0.1056,0.1222,0.292,0.388,0.444,0.424,0.628,0.452,0.422,0.39,0.396,0.472,0.412,0.264,0.312,0.294,0.392,0.1162,0.1338,0.1482,0.12279999999999999,0.21,0.22,0.344,0.236,0.22,0.252,0.408,0.27,0.376,0.284,0.388,0.35,0.392,0.35,0.506,0.428,0.36,0.398,0.314,0.308
Strain6,0.00045,0.01772,0.016280000000000003,0.00698,0.00378,0.000988,0.00268,0.00114,0.0013759999999999998,0.001624,0.00342,0.001138,0.000618,0.00094,0.0015940000000000001,0.001478,0.001934,0.00424,0.001528,0.00244,0.001724,0.00088,0.001924,0.0019039999999999999,0.001356,0.12279999999999999,0.0238,0.00922,0.011359999999999999,0.00246,0.00216,0.001486,0.00218,0.001186,0.001574,0.001498,0.0013440000000000001,0.0024,0.001098,0.001542,0.001454,0.001784,0.001784,0.00348,0.00204,0.0008259999999999999,0.001786,0.00214,0.0018640000000000002,0.0016220000000000002,0.00172,0.00222,0.0007,0.00262,0.00528,0.00536,0.01326,0.0077,0.009880000000000002,0.009699999999999999,0.01414,0.01036,0.0134,0.013779999999999999,0.013359999999999999,0.00588,0.00984,0.00638,0.00362,0.0026,0.00342,0.00264,0.00378,0.00442,0.004,0.0048200000000000005,0.00252,0.00304,0.00296,0.00312,0.00382,0.12140000000000001,0.013859999999999999,0.014839999999999999,0.0101,0.004059999999999999,0.00422,0.001678,0.00148,0.00126,0.00296,0.00202,0.001392,0.000782,0.0023599999999999997,0.001932,0.001546,0.00107,0.001444,0.00212,0.001668,0.001582,0.0017980000000000001,0.001806,0.00163,0.001748,0.001942,0.0026,0.000532,0.0026,0.00412,0.00644,0.0085,0.00852,0.01058,0.00868,0.0146,0.00974,0.01402,0.01114,0.0085,0.0,0.0099,0.006679999999999999,0.0033399999999999997,0.003,0.00312,0.00202,0.0028,0.00584,0.004200000000000001,0.0028,0.0028399999999999996,0.00304,0.0057599999999999995,0.0044,0.0028599999999999997,0.0416,0.0432,0.115,0.01802,0.00234,0.0024,0.001982,0.0024,0.00262,0.001528,0.0027400000000000002,0.0025,0.001436,0.000758,0.001266,0.001238,0.00146,0.001766,0.003,0.001874,0.00214,0.00109,0.001668,0.00197,0.001468,0.00294,0.001906,0.0016699999999999998,0.0030800000000000003,0.00522,0.0061600000000000005,0.008199999999999999,0.00626,0.00926,0.00994,0.013099999999999999,0.00618,0.004940000000000001,0.00756,0.00894,0.0,0.0094,0.00598,0.00422,0.00292,0.00478,0.0027,0.0060999999999999995,0.0033399999999999997,0.0025,0.0023799999999999997,0.00488,0.00328,0.001616,0.00552,0.00378,0.023399999999999997,0.01882,0.00322,0.0095,0.0046,0.0028799999999999997,0.001554,0.0028599999999999997,0.0014759999999999999,0.001438,0.001508,0.00175,0.00226,0.000756,0.000838,0.0013340000000000001,0.0019199999999999998,0.001324,0.001288,0.000838,0.001138,0.001982,0.0017439999999999999,0.00296,0.0018939999999999999,0.001924,0.00222,0.000486,0.0023599999999999997,0.00412,0.0038599999999999997,0.009800000000000001,0.01072,0.006059999999999999,0.013800000000000002,0.00906,0.018179999999999998,0.013779999999999999,0.0222,0.001176,0.01256,0.01148,0.004200000000000001,0.0045,0.00368,0.00298,0.00442,0.0027400000000000002,0.0038799999999999998,0.0032,0.00314,0.005,0.00314,0.00266,0.001582,0.00266,0.0202,0.0496,0.01656,0.00862,0.00464,0.0054,0.00242,0.0032400000000000003,0.0014399999999999999,0.0030800000000000003,0.0014299999999999998,0.00302,0.00041999999999999996,0.0017980000000000001,0.00302,0.001978,0.00248,0.001838,0.00101,0.00248,0.0016040000000000002,0.00226,0.001312,0.0023799999999999997,0.0019219999999999999,0.0023799999999999997,0.00272,0.000888,0.00292,0.0044800000000000005,0.0051600000000000005,0.00536,0.00656,0.01028,0.014119999999999999,0.012039999999999999,0.013720000000000001,0.00846,0.0188,0.01758,0.013619999999999998,0.01418,0.01808,0.005719999999999999,0.00754,0.0054,0.00362,0.00276,0.00462,0.00292,0.00342,0.00344,0.0030600000000000002,0.00362,0.0023799999999999997,0.00488,0.01952,0.0416,0.040600000000000004,0.023,0.0030600000000000002,0.0028,0.0014479999999999999,0.0022,0.0018939999999999999,0.001534,0.0021000000000000003,0.00134,0.0009599999999999999,0.0007,0.001064,0.00302,0.00226,0.0019,0.001166,0.00206,0.00149,0.00216,0.0014479999999999999,0.001572,0.00234
Strain7,0.038,0.062,0.0512,0.0368,0.055200000000000006,0.0678,0.077,0.06420000000000001,0.0512,0.0606,0.0396,0.048799999999999996,0.037399999999999996,0.0432,0.037,0.025,0.024,0.0362,0.025,0.0308,0.030600000000000002,0.0212,0.00698,0.01426,0.030600000000000002,0.0828,0.1134,0.054799999999999995,0.06559999999999999,0.055,0.056,0.0496,0.0504,0.044,0.0376,0.0182,0.048799999999999996,0.0342,0.0384,0.0376,0.0342,0.0298,0.0304,0.026600000000000002,0.028399999999999998,0.030199999999999998,0.0216,0.00694,0.016079999999999997,0.0256,0.0376,0.035,0.054,0.038,0.0546,0.037399999999999996,0.061,0.0588,0.0512,0.0526,0.0412,0.0412,0.0344,0.027800000000000002,0.055,0.028399999999999998,0.0512,0.0364,0.052,0.0686,0.053399999999999996,0.0554,0.032,0.008960000000000001,0.023600000000000003,0.01636,0.0282,0.0216,0.01548,0.01756,0.0206,0.0248,0.0854,0.055200000000000006,0.0512,0.048,0.048799999999999996,0.055600000000000004,0.0476,0.042,0.0516,0.046200000000000005,0.0378,0.030600000000000002,0.0294,0.032799999999999996,0.031,0.0282,0.0242,0.024399999999999998,0.0294,0.0282,0.0246,0.00538,0.010199999999999999,0.01438,0.0242,0.0346,0.0446,0.033600000000000005,0.026199999999999998,0.0316,0.039,0.0476,0.057,0.0498,0.0396,0.0296,0.0308,0.0312,0.0412,0.047,0.0396,0.0804,0.0616,0.055799999999999995,0.0578,0.047799999999999995,0.039200000000000006,0.01464,0.023600000000000003,0.019399999999999997,0.0332,0.0256,0.0212,0.0188,0.014,0.0352,0.1296,0.063,0.0654,0.0444,0.0414,0.0526,0.0782,0.048799999999999996,0.0428,0.039200000000000006,0.0474,0.034,0.0314,0.028,0.0292,0.027399999999999997,0.01862,0.028,0.0272,0.0258,0.021,0.007019999999999999,0.01374,0.01616,0.0264,0.0322,0.0426,0.0296,0.039,0.0412,0.038799999999999994,0.037200000000000004,0.0358,0.048600000000000004,0.0416,0.031,0.0338,0.027800000000000002,0.0544,0.043,0.048799999999999996,0.0726,0.061,0.0588,0.0414,0.0564,0.00908,0.01506,0.0264,0.0224,0.0292,0.01856,0.016640000000000002,0.0218,0.01308,0.054799999999999995,0.1066,0.048,0.0626,0.065,0.0658,0.0512,0.0512,0.048,0.0438,0.0366,0.0338,0.0384,0.0288,0.0268,0.021,0.032600000000000004,0.0322,0.0165,0.0238,0.009720000000000001,0.01038,0.023600000000000003,0.0232,0.0292,0.030600000000000002,0.045200000000000004,0.0508,0.0308,0.0314,0.038,0.0706,0.047200000000000006,0.0404,0.0536,0.028,0.0404,0.0432,0.0358,0.06720000000000001,0.0596,0.034,0.064,0.06459999999999999,0.009980000000000001,0.01846,0.0272,0.0254,0.0286,0.0228,0.0294,0.0296,0.027600000000000003,0.0288,0.023,0.0362,0.1584,0.498,0.1018,0.08979999999999999,0.0626,0.0554,0.049,0.0466,0.036,0.05,0.027,0.0442,0.0058,0.0368,0.034,0.031,0.0366,0.0304,0.01654,0.0316,0.006679999999999999,0.0099,0.024,0.0242,0.0332,0.0376,0.0358,0.0418,0.0264,0.0338,0.0338,0.065,0.064,0.041,0.0648,0.041,0.062,0.047,0.062,0.063,0.0528,0.045200000000000004,0.0742,0.0588,0.01566,0.015519999999999999,0.031,0.0238,0.030600000000000002,0.0268,0.027600000000000003,0.038799999999999994,0.0296,0.0216,0.0258,0.028,0.0994,0.1474,0.077,0.0718,0.05,0.0596,0.045,0.055799999999999995,0.041,0.0418,0.036,0.056600000000000004,0.030600000000000002,0.0316,0.024399999999999998,0.0308,0.027,0.0246,0.01618,0.00462,0.00762,0.01444,0.0248,0.023600000000000003,0.0338
Strain9,0.208,0.034,0.019559999999999998,0.00027600000000000004,0.0032,0.0054800000000000005,0.01234,0.0232,0.00468,0.014,0.00444,0.0062,0.00526,0.00332,0.005679999999999999,0.00732,0.00924,0.005719999999999999,0.005059999999999999,0.0077800000000000005,0.005059999999999999,0.00212,0.00732,0.0044,0.0033599999999999997,0.0634,0.038,0.00878,0.0224,0.01622,0.0173,0.009880000000000002,0.00934,0.0047599999999999995,0.00634,0.00278,0.009519999999999999,0.01052,0.00906,0.00954,0.007,0.00654,0.00662,0.0057599999999999995,0.00658,0.001222,0.00484,0.0054,0.00714,0.0039,0.00456,0.00312,0.00316,0.00326,0.00598,0.00314,0.00584,0.0062,0.00524,0.00734,0.00736,0.0094,0.0067800000000000004,0.008539999999999999,0.00656,0.0033599999999999997,0.005019999999999999,0.00328,0.00556,0.0031,0.0038399999999999997,0.00318,0.001952,0.0023599999999999997,0.0046,0.0057,0.00282,0.00214,0.00226,0.00234,0.00312,0.19619999999999999,0.09040000000000001,0.01554,0.0232,0.01126,0.0081,0.01192,0.01602,0.01056,0.022600000000000002,0.0085,0.00674,0.00328,0.004200000000000001,0.011699999999999999,0.00752,0.009859999999999999,0.00808,0.00588,0.00444,0.00736,0.005,0.00346,0.00504,0.00844,0.004900000000000001,0.005059999999999999,0.001814,0.004019999999999999,0.0028799999999999997,0.00364,0.00342,0.00766,0.0068200000000000005,0.00518,0.00914,0.005059999999999999,0.007719999999999999,0.00724,0.00412,0.00562,0.005719999999999999,0.024399999999999998,0.0033,0.00318,0.0038,0.00206,0.00149,0.0034,0.0028599999999999997,0.00312,0.0023,0.00296,0.0027400000000000002,0.00278,0.0028,0.139,0.21,0.051,0.01772,0.005679999999999999,0.00332,0.019780000000000002,0.0246,0.01488,0.00522,0.01026,0.01038,0.008919999999999999,0.00574,0.0077599999999999995,0.008320000000000001,0.00316,0.00328,0.00608,0.00508,0.00536,0.00512,0.00418,0.00632,0.00728,0.00574,0.0081,0.00928,0.0037,0.00524,0.0035,0.0033799999999999998,0.0038799999999999998,0.00456,0.00462,0.00698,0.00332,0.00302,0.00404,0.00432,0.00538,0.00518,0.00262,0.00566,0.00394,0.003,0.00298,0.00346,0.00234,0.00264,0.00166,0.00542,0.001734,0.001302,0.003,0.00452,0.00956,0.030199999999999998,0.026199999999999998,0.01656,0.00636,0.0145,0.0091,0.023,0.0044800000000000005,0.011800000000000001,0.0032400000000000003,0.00912,0.01074,0.0087,0.00226,0.00368,0.00432,0.00326,0.0038599999999999997,0.00206,0.0089,0.0061600000000000005,0.0054,0.01064,0.00914,0.00966,0.0064800000000000005,0.0015660000000000001,0.00262,0.00328,0.001936,0.004900000000000001,0.00364,0.0027400000000000002,0.0077,0.004900000000000001,0.00928,0.00924,0.013099999999999999,0.008960000000000001,0.0095,0.0075,0.0051600000000000005,0.0022,0.00266,0.00304,0.00462,0.00346,0.00322,0.00226,0.0033399999999999997,0.00608,0.0044800000000000005,0.0032,0.0024,0.00314,0.01566,0.0734,0.014320000000000001,0.022,0.009880000000000002,0.0396,0.00808,0.01472,0.00992,0.0119,0.00228,0.01024,0.001342,0.01014,0.00462,0.0062,0.00422,0.0094,0.003,0.00656,0.0029,0.00484,0.00246,0.00574,0.011699999999999999,0.0018839999999999998,0.0033599999999999997,0.000612,0.00234,0.00202,0.001878,0.0015400000000000001,0.00252,0.0083,0.0051600000000000005,0.00468,0.0038399999999999997,0.0028799999999999997,0.0071200000000000005,0.00762,0.005679999999999999,0.008960000000000001,0.0095,0.0038,0.0062,0.004019999999999999,0.00242,0.0028,0.00316,0.0021000000000000003,0.00424,0.00254,0.0024,0.00344,0.0018839999999999998,0.0050999999999999995,0.0348,0.10779999999999999,0.0216,0.01604,0.013460000000000001,0.00792,0.0044,0.00958,0.0025800000000000003,0.00544,0.0056,0.014060000000000001,0.004940000000000001,0.0062,0.00564,0.01184,0.00564,0.00518,0.00346,0.00344,0.00458,0.00634,0.00738,0.0032400000000000003,0.00532
Strain13,0.00014480000000000002,0.0016259999999999998,0.00068,0.000402,0.00095,0.0009559999999999999,0.001,0.0005819999999999999,0.000674,0.0008,0.000726,0.00095,0.000638,0.0009080000000000001,0.000644,0.000448,0.000536,0.000728,0.001038,0.00117,0.0010680000000000002,0.001156,0.001242,0.0013360000000000002,0.000808,0.000694,0.000646,0.000386,0.00020999999999999998,0.000384,0.000364,0.000554,0.000472,0.0008259999999999999,0.00064,0.000616,0.0010960000000000002,0.0005679999999999999,0.0006879999999999999,0.000812,0.000996,0.000864,0.0008900000000000001,0.0006540000000000001,0.00139,0.0015680000000000002,0.0015580000000000001,0.000878,0.001156,0.000954,0.000954,0.0018720000000000002,0.001764,0.0018620000000000002,0.00372,0.00414,0.00738,0.0053,0.0064800000000000005,0.007019999999999999,0.00948,0.009699999999999999,0.01268,0.00828,0.01762,0.0136,0.01078,0.0038,0.000966,0.0014579999999999999,0.0006360000000000001,0.000906,0.00094,0.0016279999999999999,0.001932,0.001206,0.001398,0.00122,0.001202,0.0014199999999999998,0.00107,0.0001796,0.0006879999999999999,0.000464,0.0005380000000000001,0.000844,0.00065,0.001,0.0011619999999999998,0.000982,0.000766,0.001284,0.0009180000000000001,0.000968,0.0012259999999999999,0.00055,0.0008719999999999999,0.0005639999999999999,0.0008719999999999999,0.0014219999999999999,0.001216,0.0011459999999999999,0.0014299999999999998,0.0009080000000000001,0.001534,0.0007379999999999999,0.000762,0.001118,0.001406,0.001504,0.0027,0.0057,0.006019999999999999,0.00554,0.00744,0.00642,0.0115,0.00756,0.0167,0.010539999999999999,0.016120000000000002,0.01794,0.0182,0.00394,0.0009519999999999999,0.000756,0.0011639999999999999,0.000718,0.0010860000000000002,0.001296,0.0018540000000000002,0.0013939999999999998,0.0016519999999999998,0.000992,0.0016699999999999998,0.0011240000000000002,0.001018,0.000154,0.0007379999999999999,0.000442,0.000996,0.000626,0.000744,0.000324,0.001282,0.00106,0.0009220000000000001,0.001712,0.00095,0.0005719999999999999,0.00057,0.000486,0.00094,0.001264,0.001218,0.001728,0.001494,0.001288,0.000824,0.001848,0.0011619999999999998,0.000518,0.001008,0.0009699999999999999,0.001188,0.00216,0.00534,0.00596,0.00422,0.00418,0.005860000000000001,0.00744,0.013779999999999999,0.0127,0.01644,0.009460000000000001,0.01604,0.014539999999999999,0.01618,0.00372,0.001178,0.000856,0.000754,0.000992,0.0011279999999999999,0.001184,0.00199,0.00113,0.0009260000000000001,0.001976,0.001148,0.001588,0.001256,0.000366,7.4e-05,0.000368,0.0008060000000000001,0.0005719999999999999,0.0011020000000000001,0.001014,0.001132,0.001388,0.0011220000000000002,0.001284,0.0011279999999999999,0.000742,0.000716,0.0008139999999999999,0.001214,0.0013080000000000001,0.00116,0.001184,0.001098,0.00107,0.001382,0.001108,0.00117,0.0005859999999999999,0.0006860000000000001,0.0011979999999999998,0.0015940000000000001,0.0013520000000000001,0.00314,0.00204,0.005,0.00644,0.0039,0.00552,0.00666,0.011640000000000001,0.012199999999999999,0.011519999999999999,0.026600000000000002,0.0214,0.021,0.00318,0.000972,0.0013440000000000001,0.000858,0.001156,0.0009559999999999999,0.00128,0.000902,0.001776,0.0013720000000000002,0.001036,0.0013640000000000002,0.00092,0.0014119999999999998,0.0006979999999999999,0.001218,0.0005340000000000001,0.000852,0.0008219999999999999,0.00088,0.000994,0.000994,0.000596,0.0009260000000000001,0.001082,0.001296,9.5e-05,0.000638,0.000874,0.00095,0.001306,0.00093,0.0013700000000000001,0.001004,0.001228,0.0014039999999999999,0.00075,0.0011459999999999999,0.0007,0.0006540000000000001,0.0011439999999999998,0.001258,0.001366,0.004059999999999999,0.0044599999999999996,0.0087,0.00718,0.0058,0.01062,0.00792,0.01014,0.01076,0.01312,0.016800000000000002,0.022,0.026,0.00364,0.001016,0.000748,0.000756,0.00121,0.000388,5.36e-10,0.0018939999999999999,0.0011979999999999998,0.001998,0.0013160000000000001,0.0011979999999999998,0.001054,0.001462,0.0006540000000000001,0.000386,0.000432,0.0005639999999999999,0.000456,0.000644,0.000508,0.0006720000000000001,0.0007059999999999999,0.000354,0.000824,0.0013540000000000002,0.000758,0.000882,0.000516,0.000948,0.0012980000000000001,0.001052,0.001,0.001832,0.0015480000000000001,0.0013759999999999998,0.001024,0.001194,0.000902
Strain14,0.001216,0.001696,0.0006919999999999999,0.000224,0.0001436,0.00010539999999999999,0.0001184,0.0001772,0.000358,0.000506,0.000458,0.00033800000000000003,0.000236,0.00033600000000000004,0.000378,0.0008139999999999999,0.000328,0.0009220000000000001,0.0006860000000000001,0.000882,0.000732,0.0005380000000000001,0.000778,0.0008139999999999999,0.00066,0.00566,0.000488,0.000708,0.0005859999999999999,0.0001624,0.000298,0.00028599999999999996,0.00046600000000000005,0.000296,0.0005719999999999999,0.00028000000000000003,0.00035999999999999997,0.00078,0.00031,0.00045200000000000004,0.001042,0.00044,0.00062,0.0005560000000000001,0.000718,0.000262,0.000878,0.000518,0.000642,0.000482,0.000512,0.000512,0.00036199999999999996,0.00045200000000000004,0.000574,0.000378,0.0014759999999999999,0.0020800000000000003,0.001506,0.0022,0.00165,0.0019479999999999999,0.0016359999999999999,0.00226,0.0026,0.0011120000000000001,0.001236,0.00074,0.001674,0.000746,0.001116,0.00125,0.0005200000000000001,0.00039600000000000003,0.000486,0.000528,0.000442,0.00034399999999999996,0.00078,0.0007700000000000001,0.000748,0.001888,0.00047999999999999996,0.00044,0.000402,0.0001248,0.00041799999999999997,0.000488,0.000506,0.000208,0.0009599999999999999,0.000492,0.000462,0.000388,0.000772,0.0006360000000000001,0.00062,0.000388,0.000494,0.0007379999999999999,0.0005420000000000001,0.000434,0.0007239999999999999,0.000618,0.0005819999999999999,0.000434,0.00053,0.0005719999999999999,0.00035,0.00026000000000000003,0.000366,0.000862,0.000868,0.000874,0.00109,0.0015680000000000002,0.001256,0.0010220000000000001,0.001616,0.0018859999999999999,0.001062,0.001794,0.0012,0.000584,0.001082,0.000828,0.0009040000000000001,0.000982,0.0005719999999999999,0.000588,0.0005420000000000001,0.000512,0.0005200000000000001,0.000424,0.000834,0.0005759999999999999,0.000634,0.00030199999999999997,0.00045200000000000004,0.00474,0.000876,7.280000000000001e-05,0.00020999999999999998,0.000314,0.000458,0.0007,0.000432,0.0005560000000000001,0.001016,0.000482,0.00028199999999999997,0.000326,0.000372,0.00043599999999999997,0.000364,0.00064,0.000574,0.0005759999999999999,0.000356,0.000518,0.0007059999999999999,0.000414,0.000862,0.000298,0.000298,0.00028799999999999995,0.00061,0.00078,0.000592,0.001024,0.001848,0.00108,0.001276,0.000728,0.0008539999999999999,0.001304,0.001732,0.001306,0.001678,0.00206,0.0018700000000000001,0.0008020000000000001,0.000984,0.0009559999999999999,0.00069,0.00082,0.000426,0.000798,0.000516,0.000514,0.000332,0.000574,0.000638,0.000352,0.00027400000000000005,0.000246,0.000314,0.00022,0.000384,0.000236,0.000748,0.0006039999999999999,0.00098,0.00034399999999999996,0.00055,0.00087,0.00016020000000000002,0.000268,0.000714,0.000526,0.00041,0.000332,0.000376,0.00045,0.000616,0.00045400000000000003,0.000662,0.0005560000000000001,0.0005759999999999999,0.000536,0.000152,0.000304,0.000404,0.000488,0.001282,0.001368,0.000558,0.001032,0.00061,0.0016359999999999999,0.0011439999999999998,0.0027,0.00214,0.0011359999999999999,0.001538,0.000696,0.000896,0.000752,0.0007059999999999999,0.000982,0.0005420000000000001,0.000808,0.000262,0.000438,0.000432,0.000356,0.000348,0.000266,0.00049,0.000852,0.00045200000000000004,0.000838,0.000256,0.0001832,0.000546,0.000428,0.00047799999999999996,0.000264,0.00095,0.00023999999999999998,0.000796,0.0001688,0.000494,0.0005560000000000001,0.00044,0.0006820000000000001,0.000606,0.000248,0.000496,0.000364,0.00062,0.000382,0.00064,0.000888,0.000594,0.000382,0.000264,0.00017219999999999998,0.0004,0.000496,0.00128,0.000856,0.001192,0.0011140000000000002,0.0011140000000000002,0.00117,0.00063,0.00202,0.0017620000000000001,0.001668,0.0016799999999999999,0.00212,0.0020800000000000003,0.001002,0.000894,0.001166,0.00054,0.00051,0.000348,0.000428,0.0009080000000000001,0.00041999999999999996,0.000528,0.000456,0.001202,0.000438,0.000488,0.00206,0.000976,0.0001522,0.000296,0.00027800000000000004,0.0005899999999999999,0.00022600000000000002,0.0009040000000000001,0.000404,0.000728,0.00026000000000000003,0.00017299999999999998,0.000376,0.000602,0.000472,0.00047799999999999996,0.00046600000000000005,0.000694,0.000596,0.000648,0.000584,0.000384,0.000722
Strain15,0.00452,0.060200000000000004,0.15719999999999998,0.1668,0.214,0.228,0.208,0.1736,0.165,0.1762,0.10779999999999999,0.1534,0.1238,0.11259999999999999,0.115,0.13019999999999998,0.1252,0.1434,0.1296,0.16040000000000001,0.129,0.1274,0.15159999999999998,0.1354,0.163,0.0876,0.252,0.252,0.206,0.18880000000000002,0.224,0.167,0.141,0.15080000000000002,0.1424,0.0704,0.1636,0.1138,0.12279999999999999,0.115,0.1288,0.1326,0.1464,0.1388,0.1172,0.12079999999999999,0.10840000000000001,0.0848,0.1426,0.16119999999999998,0.1352,0.1142,0.14859999999999998,0.1022,0.0434,0.026600000000000002,0.01302,0.015099999999999999,0.013619999999999998,0.01286,0.016120000000000002,0.0298,0.0254,0.0384,0.0518,0.0354,0.0492,0.082,0.14780000000000001,0.1774,0.10840000000000001,0.149,0.1092,0.18380000000000002,0.172,0.1276,0.14880000000000002,0.122,0.1884,0.11059999999999999,0.1586,0.0356,0.212,0.244,0.1778,0.1774,0.161,0.1678,0.1638,0.1434,0.1672,0.125,0.122,0.108,0.124,0.11040000000000001,0.1166,0.1276,0.116,0.1216,0.106,0.13040000000000002,0.1186,0.08979999999999999,0.13340000000000002,0.0986,0.13419999999999999,0.113,0.16040000000000001,0.0736,0.0338,0.0202,0.0149,0.026199999999999998,0.024,0.01396,0.015359999999999999,0.0222,0.0308,0.036,0.0412,0.045,0.0522,0.1006,0.141,0.1348,0.0,0.123,0.103,0.1306,0.1626,0.13219999999999998,0.1504,0.124,0.1732,0.1298,0.1258,0.0658,0.2,0.204,0.24,0.1832,0.1664,0.1658,0.288,0.1502,0.136,0.138,0.1586,0.1154,0.1108,0.085,0.1192,0.1336,0.1038,0.15580000000000002,0.09440000000000001,0.1418,0.1044,0.1186,0.158,0.10479999999999999,0.144,0.105,0.1714,0.0598,0.0288,0.0256,0.0173,0.0208,0.019760000000000003,0.011640000000000001,0.0157,0.0254,0.0324,0.0296,0.0572,0.0444,0.067,0.1066,0.16040000000000001,0.1468,0.089,0.13240000000000002,0.148,0.1354,0.1416,0.1318,0.12359999999999999,0.12179999999999999,0.1298,0.1522,0.1546,0.0442,0.264,0.1748,0.228,0.1626,0.202,0.15719999999999998,0.15280000000000002,0.15380000000000002,0.13040000000000002,0.128,0.09040000000000001,0.1134,0.09659999999999999,0.0726,0.0704,0.1146,0.1052,0.0912,0.1138,0.1174,0.1012,0.1174,0.1328,0.1038,0.1016,0.13440000000000002,0.1458,0.0734,0.0584,0.0242,0.031,0.0155,0.0129,0.012240000000000001,0.01176,0.021,0.0282,0.0324,0.0482,0.07640000000000001,0.0482,0.09079999999999999,0.136,0.12179999999999999,0.10959999999999999,0.145,0.106,0.214,0.128,0.1308,0.1374,0.1216,0.156,0.1226,0.147,0.18359999999999999,0.718,0.212,0.232,0.1714,0.1546,0.1686,0.16519999999999999,0.138,0.1626,0.0952,0.1266,0.01614,0.12,0.083,0.1128,0.1394,0.1176,0.09620000000000001,0.1348,0.1216,0.118,0.1056,0.12079999999999999,0.1336,0.1452,0.1178,0.111,0.0778,0.0482,0.0222,0.01794,0.01782,0.020399999999999998,0.01762,0.0149,0.0256,0.0344,0.053399999999999996,0.052,0.045,0.0682,0.1016,0.1286,0.0932,0.1152,0.154,0.1044,0.18380000000000002,0.1414,0.13319999999999999,0.18359999999999999,0.1124,0.1298,0.149,0.18580000000000002,0.146,0.278,0.262,0.2,0.183,0.202,0.1628,0.179,0.135,0.1316,0.1152,0.163,0.11220000000000001,0.1212,0.0706,0.1406,0.1394,0.11120000000000001,0.1,0.1118,0.134,0.1192,0.12919999999999998,0.1426,0.1316
Strain16,1.84e-05,0.001054,0.01478,0.0206,0.011720000000000001,0.013380000000000001,0.013859999999999999,0.012039999999999999,0.013560000000000001,0.0121,0.01286,0.01652,0.01304,0.0141,0.0144,0.010199999999999999,0.011859999999999999,0.018760000000000002,0.012060000000000001,0.01422,0.01242,0.013619999999999998,0.01306,0.0132,0.016579999999999998,0.00246,0.01446,0.01532,0.0149,0.01434,0.0147,0.016280000000000003,0.01796,0.01822,0.01514,0.00848,0.0218,0.01534,0.01492,0.01516,0.01416,0.01314,0.01332,0.01268,0.01448,0.01166,0.01508,0.01492,0.0132,0.01238,0.013640000000000001,0.01464,0.01392,0.01436,0.023600000000000003,0.015439999999999999,0.023600000000000003,0.01712,0.01446,0.01234,0.01052,0.01214,0.009980000000000001,0.01034,0.0208,0.007980000000000001,0.01558,0.0107,0.010119999999999999,0.016059999999999998,0.01326,0.01476,0.00902,0.011980000000000001,0.01558,0.0099,0.01436,0.0132,0.010060000000000001,0.00902,0.01022,0.00151,0.01802,0.0189,0.0222,0.0202,0.01746,0.0206,0.015960000000000002,0.014839999999999999,0.0216,0.01868,0.01614,0.01382,0.0127,0.0167,0.012,0.01384,0.0111,0.01222,0.015099999999999999,0.01444,0.01396,0.016579999999999998,0.011640000000000001,0.00842,0.01036,0.0161,0.014060000000000001,0.01632,0.01462,0.01532,0.0189,0.0179,0.0238,0.01542,0.01044,0.01086,0.0091,0.00796,0.015519999999999999,0.0162,0.0172,0.018600000000000002,0.01388,0.01292,2.64e-06,0.01282,0.014199999999999999,0.01602,0.01468,0.01112,0.01704,0.01266,0.01024,0.009699999999999999,0.0091,8.14e-05,0.00758,0.01124,0.01912,0.01416,0.01668,0.01594,0.026,0.018920000000000003,0.0202,0.01774,0.023600000000000003,0.016739999999999998,0.01342,0.01542,0.010320000000000001,0.013720000000000001,0.01038,0.014320000000000001,0.0141,0.01308,0.0121,0.016079999999999997,0.01464,0.013460000000000001,0.01452,0.01548,0.01456,0.01436,0.015560000000000001,0.01726,0.01452,0.00984,0.01014,0.01292,0.01192,0.01176,0.0079,0.0108,0.019219999999999998,0.01566,0.013,0.01738,0.013720000000000001,0.013,0.0114,0.0159,0.01528,0.011179999999999999,0.01308,0.0085,0.01516,0.01072,0.00858,0.01132,0.009300000000000001,0.000592,0.012320000000000001,0.01718,0.015179999999999999,0.01816,0.019100000000000002,0.016,0.01918,0.0202,0.018,0.018420000000000002,0.0206,0.022600000000000002,0.014839999999999999,0.01716,0.01228,0.01692,0.01666,0.013359999999999999,0.01746,0.01434,0.01326,0.017920000000000002,0.01306,0.01388,0.010039999999999999,0.0172,0.01462,0.015519999999999999,0.01636,0.01492,0.0264,0.019100000000000002,0.01768,0.0157,0.00868,0.018359999999999998,0.01534,0.01476,0.027399999999999997,0.022,0.0134,0.01392,0.0212,0.01382,0.01868,0.01722,0.01634,0.0127,0.013,0.01914,0.016460000000000002,0.015099999999999999,0.01292,0.0099,0.01448,0.0025,0.027600000000000003,0.01636,0.0216,0.019280000000000002,0.015619999999999998,0.0212,0.01986,0.01298,0.0162,0.01298,0.021,0.00376,0.01844,0.020399999999999998,0.0134,0.0176,0.014539999999999999,0.01458,0.01736,0.01528,0.01482,0.01734,0.013359999999999999,0.01236,0.01324,0.01532,0.01242,0.01388,0.01678,0.01506,0.027399999999999997,0.026600000000000002,0.021,0.01672,0.0104,0.01954,0.01528,0.0246,0.0264,0.01766,0.01626,0.0206,0.01426,0.013720000000000001,0.01328,0.01866,0.01494,0.0147,0.01458,0.01316,0.01534,0.01354,0.00928,0.01052,0.0116,0.00011360000000000001,0.010119999999999999,0.01268,0.01524,0.01216,0.01572,0.01314,0.0195,0.01448,0.015179999999999999,0.01488,0.022,0.0144,0.01502,0.013439999999999999,0.0144,0.013779999999999999,0.015960000000000002,0.009439999999999999,0.0145,0.01682,0.01272,0.01584,0.0105,0.01292
Strain21,2.3e-05,0.00204,0.000996,0.00047599999999999997,0.000374,0.00039,0.000424,0.00033,0.00031,0.00045200000000000004,0.000202,0.00045200000000000004,0.000388,0.000256,0.00034599999999999995,0.00036199999999999996,0.0004,0.000214,0.00036199999999999996,0.0003,0.000502,0.000244,0.00062,0.000314,0.0002,0.00266,0.0035,0.000638,0.000594,0.00018920000000000002,0.000322,0.0001998,0.00023799999999999998,0.000187,0.000382,0.0001542,0.000602,0.000488,0.00038,0.00034,0.000294,0.00044,0.000378,0.000153,0.000222,0.00023400000000000002,0.000402,0.000248,0.00034,0.0001742,0.000388,0.00019700000000000002,0.000354,0.000414,0.000776,0.0005,0.00053,0.0006039999999999999,0.00033800000000000003,0.000326,0.00047,0.000446,0.00045,0.00032,0.000594,0.00051,0.0006360000000000001,0.00028199999999999997,0.000366,0.00044,0.000416,0.000696,0.00033400000000000004,0.0001852,0.000694,0.00053,0.000716,0.000602,0.00041799999999999997,0.00033400000000000004,0.000428,0.0010580000000000001,0.00272,0.0007099999999999999,0.000348,0.0001702,0.000376,0.00047599999999999997,0.000426,0.00033600000000000004,0.000496,0.00033600000000000004,0.00037,0.000252,0.00012939999999999997,0.000342,0.00033800000000000003,0.000252,0.000272,0.0001792,0.00034399999999999996,0.00041799999999999997,0.00033400000000000004,0.000406,0.000246,0.00027800000000000004,0.00019339999999999998,0.00045400000000000003,0.000328,0.0005639999999999999,0.000366,0.000424,0.000372,0.000594,0.000664,0.000434,0.000546,0.00039400000000000004,0.000428,0.00033600000000000004,0.000458,0.000648,0.0007880000000000001,0.000598,0.00033800000000000003,0.000642,0.000736,0.000408,0.000504,0.000712,0.000388,0.000664,0.0006919999999999999,0.00061,0.000386,0.00039200000000000004,0.000458,0.0001332,0.0019039999999999999,0.0013959999999999999,0.0006820000000000001,0.00015859999999999998,0.000216,0.000232,0.000492,0.00034,0.000634,0.00033600000000000004,0.00028199999999999997,0.000434,0.00043599999999999997,0.00032,0.0001326,0.000202,0.000191,0.000212,0.0001582,0.00023799999999999998,0.00033600000000000004,0.000588,0.000402,0.00033,0.00032,0.0005520000000000001,0.000386,0.000488,0.000522,0.00036199999999999996,0.000422,0.000294,0.00031800000000000003,0.000484,0.0006860000000000001,0.000696,0.000316,0.000236,0.000464,0.0006,0.000608,0.0005420000000000001,0.000376,0.000492,0.00030199999999999997,0.00074,0.00047799999999999996,0.0006,0.000494,0.00028199999999999997,0.00066,0.000216,0.000248,0.000518,0.000544,0.00068,0.00159,0.000614,0.000776,0.00016,0.000508,0.000308,0.000514,0.00046,0.0006,0.000292,0.000298,0.000536,0.000426,0.000528,0.00029,0.000498,0.000434,0.00043599999999999997,0.000506,0.0003,0.00031,0.00031,0.00041799999999999997,0.000384,0.00027,0.00032,0.000256,0.000268,0.00039400000000000004,0.000254,0.000442,0.00033400000000000004,0.000364,0.000744,0.00047,0.000588,0.000442,0.000588,0.000864,0.000906,0.0007199999999999999,0.000444,0.00047999999999999996,0.000306,0.00076,0.000364,0.000294,0.00019020000000000002,0.00032,0.00039,0.000422,0.00043,0.000304,0.000224,0.000328,0.00296,0.00222,0.000494,0.000632,0.00030199999999999997,0.00043599999999999997,0.00028599999999999996,0.000512,0.00028000000000000003,0.000516,0.000256,0.000486,5.26e-05,0.00057,0.000342,0.000348,0.00027800000000000004,0.000652,0.00047799999999999996,0.000632,0.000368,0.00034,0.00018140000000000002,0.000398,0.000376,0.000364,0.000518,0.00034599999999999995,0.000618,0.00038,0.000294,0.000378,0.000518,0.00085,0.0005639999999999999,0.00045200000000000004,0.000752,0.00065,0.000624,0.0007199999999999999,0.00074,0.00074,0.0005480000000000001,0.000482,0.00028799999999999995,0.000574,0.000722,0.000386,0.0001648,0.000244,0.000382,0.00036199999999999996,0.00041999999999999996,0.00033600000000000004,0.00031,0.0001554,0.0005639999999999999,0.0018939999999999999,0.000898,0.000838,0.000216,0.000488,0.000314,0.0005819999999999999,0.000372,0.000314,0.000366,0.000602,0.000306,0.00039400000000000004,0.000472,0.000372,0.000378,0.000524,0.00010920000000000001,0.000208,0.000386,0.000236,0.00041799999999999997,0.000292,0.00033600000000000004
Strain26,0.00534,0.00328,0.00126,0.000732,0.0005899999999999999,0.000972,0.00047,0.0005200000000000001,0.000208,0.000754,0.000502,0.000422,0.000522,0.000444,0.0008100000000000001,0.00039600000000000003,0.000482,0.0005520000000000001,0.000764,0.000988,0.0007239999999999999,0.000388,0.000574,0.000988,0.000294,0.00552,0.001838,0.0009360000000000001,0.000726,0.000304,0.000434,0.000322,0.0005719999999999999,0.000256,0.000414,0.000656,0.000414,0.000324,0.00037,0.000728,0.000996,0.00043,0.0006039999999999999,0.000528,0.001512,0.0005560000000000001,0.00126,0.00039,0.0006540000000000001,0.000438,0.000504,0.001066,0.000442,0.000742,0.00262,0.0016359999999999999,0.00294,0.0023,0.0025,0.00276,0.0028,0.00256,0.00248,0.0028,0.00332,0.00204,0.0025,0.001,0.00064,0.000984,0.00062,0.000714,0.0005679999999999999,0.000752,0.000736,0.000644,0.000732,0.000578,0.00047,0.000652,0.000838,0.0054800000000000005,0.00226,0.001452,0.000566,0.000438,0.0005,0.000444,0.000536,0.00054,0.0004,0.000876,0.000368,0.0006,0.000744,0.00047,0.0005200000000000001,0.000326,0.0008179999999999999,0.0006919999999999999,0.000708,0.000558,0.000984,0.00053,0.000574,0.0007740000000000001,0.00053,0.000768,0.000402,0.001052,0.001842,0.0026,0.00262,0.00292,0.0028,0.00234,0.00278,0.0023799999999999997,0.00276,0.0029,0.00254,0.00298,0.00202,0.0008539999999999999,0.00091,0.0006360000000000001,0.000928,0.0005679999999999999,0.000594,0.000616,0.0009419999999999999,0.0008060000000000001,0.0009699999999999999,0.000626,0.0006879999999999999,0.000364,0.000554,0.0020800000000000003,0.00214,0.004719999999999999,0.0011899999999999999,0.000376,0.000428,0.000292,0.000598,0.000358,0.00045200000000000004,0.0009,0.000408,0.000442,0.00023,0.000326,0.000328,0.000612,0.000458,0.000868,0.000944,0.00054,0.0006760000000000001,0.000606,0.0008719999999999999,0.00058,0.000622,0.000644,0.000514,0.0011459999999999999,0.0022400000000000002,0.00266,0.00254,0.00234,0.0029,0.00246,0.00328,0.00176,0.001688,0.00294,0.00398,0.00282,0.00316,0.001228,0.000996,0.000646,0.000748,0.0006720000000000001,0.000708,0.000656,0.0006680000000000001,0.00047999999999999996,0.000718,0.0005200000000000001,0.000254,0.00067,0.000662,0.001428,0.001674,0.001156,0.0017439999999999999,0.000364,0.00075,0.000408,0.00058,0.0009459999999999999,0.000838,0.000474,0.000506,0.00046800000000000005,0.000434,0.000432,0.0011979999999999998,0.000808,0.000902,0.00086,0.000794,0.000718,0.0014219999999999999,0.000588,0.0007700000000000001,0.0006860000000000001,0.000516,0.001192,0.000254,0.000884,0.00166,0.001676,0.00362,0.00282,0.001546,0.0026,0.00216,0.00256,0.00218,0.00266,0.00458,0.00278,0.00266,0.0009080000000000001,0.000868,0.000728,0.00058,0.000848,0.000752,0.000614,0.000648,0.000876,0.0008259999999999999,0.000608,0.000678,0.00045200000000000004,0.000628,0.001526,0.0018340000000000001,0.00103,0.000694,0.000328,0.000644,0.000292,0.0006,0.00033800000000000003,0.000626,0.00039,0.00043599999999999997,8.599999999999999e-05,0.00028000000000000003,0.00057,0.0009599999999999999,0.000608,0.000624,0.000712,0.000752,0.00058,0.000892,0.00027600000000000004,0.000758,0.0005859999999999999,0.00034399999999999996,0.000666,0.000388,0.001042,0.00222,0.00246,0.0035600000000000002,0.0023799999999999997,0.0025,0.00294,0.0020800000000000003,0.0025800000000000003,0.001772,0.00296,0.00268,0.0028399999999999996,0.0028399999999999996,0.001466,0.000838,0.0005420000000000001,0.0008179999999999999,0.00078,0.000608,0.000744,0.00069,0.000796,0.000796,0.00076,0.000734,0.0005,0.000876,0.001408,0.00272,0.00346,0.00296,0.0004,0.000456,0.000306,0.000492,0.0008139999999999999,0.00031800000000000003,0.0006,0.000634,0.000712,0.00047799999999999996,0.00033400000000000004,0.001192,0.00064,0.00088,0.0005480000000000001,0.00088,0.0007379999999999999,0.00068,0.000432,0.000532,0.000606
Strain27,0.0,6.84e-07,0.0,2.76e-07,8.96e-07,4.839999999999999e-06,5.5e-05,0.0023,0.00844,0.028,0.036,0.0928,0.1194,0.1504,0.1556,0.134,0.1424,0.204,0.15080000000000002,0.224,0.172,0.16140000000000002,0.1976,0.1512,0.1976,5.24e-06,0.067,0.13240000000000002,0.192,0.228,0.274,0.268,0.272,0.244,0.222,0.1226,0.312,0.222,0.208,0.232,0.212,0.189,0.1988,0.16540000000000002,0.208,0.15719999999999998,0.206,0.1936,0.1824,0.18919999999999998,0.159,0.1866,0.1804,0.232,0.338,0.366,0.36,0.358,0.366,0.528,0.468,0.476,0.438,0.42,0.582,0.272,0.402,0.15519999999999998,0.178,0.21,0.214,0.214,0.1792,0.292,0.258,0.1918,0.268,0.218,0.214,0.1752,0.2,3.78e-07,0.0125,0.01696,0.072,0.206,0.28,0.36,0.304,0.302,0.334,0.23,0.226,0.19080000000000003,0.204,0.18980000000000002,0.1698,0.1748,0.17,0.1866,0.1794,0.18380000000000002,0.204,0.18680000000000002,0.1658,0.12,0.1366,0.1994,0.1646,0.292,0.278,0.368,0.354,0.47,0.584,0.438,0.394,0.376,0.482,0.428,0.356,0.468,0.634,0.274,0.232,0.208,0.218,0.1992,0.1984,0.236,0.288,0.236,0.282,0.196,0.234,0.138,0.176,1.22e-06,0.0214,0.2,0.308,0.332,0.336,0.264,0.664,0.29,0.308,0.292,0.354,0.242,0.19140000000000001,0.1948,0.1748,0.184,0.0,0.23,0.1724,0.202,0.15519999999999998,0.1988,0.18059999999999998,0.1458,0.1998,0.16140000000000002,0.1704,0.25,0.266,0.394,0.356,0.472,0.362,0.348,0.374,0.342,0.426,0.354,0.514,0.338,0.512,0.28,0.22,0.218,0.1436,0.214,0.202,0.15,0.244,0.1804,0.236,0.1804,0.1484,0.187,0.178,2.96e-07,0.059,0.23,0.258,0.298,0.388,0.302,0.402,0.316,0.314,0.248,0.264,0.266,0.199,0.1782,0.148,0.228,0.1718,0.171,0.218,0.172,0.1484,0.18259999999999998,0.144,0.1628,0.11359999999999999,0.18059999999999998,0.15919999999999998,0.246,0.47,0.366,0.67,0.4,0.434,0.544,0.322,0.464,0.448,0.408,0.508,0.638,0.492,0.246,0.332,0.18819999999999998,0.26,0.262,0.216,0.226,0.248,0.278,0.254,0.254,0.232,0.1748,0.216,1.606e-06,0.0978,0.139,0.228,0.264,0.322,0.324,0.352,0.199,0.28,0.1484,0.266,0.028,0.236,0.234,0.1824,0.206,0.222,0.162,0.21,0.167,0.177,0.168,0.1364,0.14780000000000001,0.161,0.16019999999999998,0.09540000000000001,0.232,0.358,0.398,0.39,0.546,0.46,0.596,0.432,0.456,0.428,0.528,0.568,0.398,0.608,0.306,0.234,0.208,0.23,0.25,0.226,0.252,0.228,0.23,0.306,0.1814,0.17859999999999998,0.19019999999999998,0.214,3.3e-07,0.00632,0.0736,0.0892,0.1414,0.252,0.22,0.33,0.238,0.222,0.198,0.282,0.19,0.204,0.13,0.21,0.202,0.1704,0.123,0.16,0.198,0.1502,0.16140000000000002,0.1286,0.16040000000000001
Strain28,0.0404,0.0544,0.0322,0.0182,0.0528,0.1014,0.1856,0.1752,0.1682,0.162,0.1264,0.1374,0.0938,0.09820000000000001,0.09540000000000001,0.073,0.0634,0.1042,0.0526,0.0522,0.0572,0.06659999999999999,0.082,0.0724,0.1076,0.09179999999999999,0.0702,0.0318,0.0578,0.0884,0.1346,0.1268,0.1354,0.16519999999999999,0.1254,0.061399999999999996,0.1374,0.102,0.09459999999999999,0.091,0.07640000000000001,0.0724,0.062200000000000005,0.062,0.0502,0.0494,0.0582,0.056600000000000004,0.0658,0.0696,0.055799999999999995,0.0492,0.063,0.0426,0.053,0.0464,0.0476,0.0376,0.0386,0.0434,0.0318,0.0438,0.0206,0.023600000000000003,0.029,0.01666,0.0288,0.0145,0.0258,0.0334,0.027800000000000002,0.037399999999999996,0.0246,0.052399999999999995,0.0698,0.0572,0.0838,0.078,0.0846,0.07479999999999999,0.0678,0.0512,0.0668,0.039799999999999995,0.06659999999999999,0.06559999999999999,0.09340000000000001,0.1288,0.112,0.1004,0.16019999999999998,0.1138,0.1002,0.07479999999999999,0.062200000000000005,0.07959999999999999,0.075,0.06520000000000001,0.0508,0.0504,0.0554,0.0498,0.0606,0.0634,0.0414,0.0448,0.041,0.060399999999999995,0.0736,0.0496,0.0436,0.0448,0.052,0.054,0.0702,0.0586,0.033600000000000005,0.025,0.016239999999999997,0.01832,0.0152,0.0214,0.016640000000000002,0.0264,0.0272,0.031,0.033600000000000005,0.0304,0.0342,0.045399999999999996,0.07,0.055200000000000006,0.07540000000000001,0.0544,0.0592,0.0508,0.07479999999999999,0.0368,0.0938,0.0304,0.0572,0.0732,0.0724,0.141,0.19619999999999999,0.1252,0.121,0.1038,0.12179999999999999,0.0818,0.0718,0.061799999999999994,0.045,0.0426,0.048,0.0482,0.0434,0.048600000000000004,0.0458,0.0574,0.061200000000000004,0.0498,0.0458,0.061,0.0628,0.0404,0.04,0.0428,0.038799999999999994,0.0312,0.033,0.033600000000000005,0.0308,0.026199999999999998,0.01384,0.01878,0.0248,0.0123,0.0206,0.0296,0.0324,0.0294,0.023399999999999997,0.037399999999999996,0.0518,0.0448,0.06459999999999999,0.061799999999999994,0.0674,0.0538,0.0634,0.0708,0.0862,0.0942,0.0734,0.0384,0.0434,0.0756,0.1128,0.10679999999999999,0.1432,0.13240000000000002,0.1238,0.0984,0.1028,0.10740000000000001,0.0864,0.0868,0.041,0.0718,0.052,0.0422,0.0578,0.0582,0.046799999999999994,0.06559999999999999,0.0442,0.0446,0.0352,0.045200000000000004,0.0498,0.0348,0.0456,0.0366,0.0788,0.045,0.0514,0.0422,0.0248,0.0292,0.01574,0.01448,0.01992,0.014539999999999999,0.01586,0.0208,0.0334,0.025,0.032799999999999996,0.0426,0.040799999999999996,0.042,0.0364,0.044,0.04,0.0424,0.042,0.0402,0.054200000000000005,0.1436,0.1708,0.0482,0.0538,0.053399999999999996,0.0998,0.0818,0.10859999999999999,0.0968,0.14959999999999998,0.068,0.1262,0.013619999999999998,0.098,0.0798,0.06520000000000001,0.092,0.0562,0.0494,0.0712,0.0448,0.052399999999999995,0.061399999999999996,0.0448,0.056600000000000004,0.0536,0.041,0.037200000000000004,0.0364,0.0362,0.0264,0.047799999999999995,0.046200000000000005,0.055,0.0502,0.0298,0.03,0.01656,0.022,0.0169,0.0154,0.01428,0.026199999999999998,0.0224,0.0232,0.028,0.047,0.036,0.0404,0.037399999999999996,0.0362,0.063,0.039799999999999995,0.0292,0.047200000000000006,0.0476,0.10840000000000001,0.0732,0.0288,0.0416,0.0654,0.123,0.1066,0.166,0.1368,0.1698,0.1128,0.15419999999999998,0.0824,0.0916,0.057,0.0708,0.052,0.0564,0.0354,0.052399999999999995,0.06,0.054,0.0608,0.047,0.0484
Strain29,0.0,0.0,6.900000000000001e-05,0.11359999999999999,0.252,0.356,0.26,0.17959999999999998,0.1616,0.296,0.1018,0.1418,0.048,0.0444,0.06720000000000001,0.0312,0.0464,0.06420000000000001,0.0314,0.0414,0.0422,0.0872,0.045,0.040799999999999996,0.09079999999999999,0.0,0.0272,0.1146,0.206,0.1468,0.154,0.18519999999999998,0.1032,0.0412,0.0722,0.0282,0.0684,0.08940000000000001,0.01582,0.08940000000000001,0.0722,0.052399999999999995,0.0648,0.037399999999999996,0.0432,0.044,0.0476,0.0446,0.042,0.09340000000000001,0.061,0.0592,0.104,0.1254,0.0988,0.304,0.226,0.1402,0.26,0.226,0.366,0.1822,0.248,0.183,0.318,0.104,0.1378,0.0412,0.0304,0.048,0.0782,0.0516,0.028,0.1216,0.0958,0.048,0.0648,0.0688,0.103,0.1046,0.0658,0.0,0.0832,0.1736,0.238,0.19640000000000002,0.16340000000000002,0.244,0.1238,0.0678,0.12140000000000001,0.1276,0.07540000000000001,0.0189,0.0358,0.0958,0.045200000000000004,0.0466,0.071,0.103,0.0528,0.0582,0.0988,0.053399999999999996,0.0338,0.0448,0.0358,0.036,0.1,0.1876,0.1616,0.32,0.234,0.288,0.25,0.278,0.36,0.1926,0.19240000000000002,0.1774,0.18480000000000002,0.224,0.16319999999999998,0.048799999999999996,0.0484,0.0692,0.0712,0.057,0.08220000000000001,0.0512,0.1,0.102,0.1196,0.073,0.092,0.0564,0.07959999999999999,0.0,1.2460000000000001e-05,0.032799999999999996,0.15780000000000002,0.0876,0.082,0.12179999999999999,0.1462,0.138,0.09240000000000001,0.09,0.0498,0.0332,0.021,0.0522,0.0724,0.06659999999999999,0.069,0.096,0.0496,0.053,0.0518,0.0856,0.0564,0.0698,0.0498,0.0554,0.141,0.204,0.1864,0.446,0.304,0.348,0.276,0.35,0.466,0.1712,0.254,0.1904,0.348,0.276,0.19619999999999999,0.1002,0.0756,0.042,0.0496,0.0862,0.0844,0.066,0.1066,0.151,0.1114,0.172,0.0842,0.09459999999999999,0.0874,0.0,0.00604,0.0814,0.1198,0.1598,0.18480000000000002,0.11159999999999999,0.1044,0.09440000000000001,0.0582,0.0484,0.0974,0.045,0.037200000000000004,0.0526,0.0206,0.0354,0.0456,0.0466,0.037200000000000004,0.0714,0.0626,0.039200000000000006,0.0346,0.0292,0.0346,0.0578,0.09259999999999999,0.1698,0.306,0.268,0.1996,0.274,0.232,0.21,0.0752,0.202,0.214,0.244,0.324,0.19519999999999998,0.1886,0.0386,0.033600000000000005,0.046799999999999994,0.0994,0.0996,0.088,0.074,0.0694,0.07540000000000001,0.13119999999999998,0.0804,0.1032,0.0586,0.069,3.44e-07,0.0254,0.1318,0.1536,0.11159999999999999,0.16019999999999998,0.152,0.1044,0.11159999999999999,0.10959999999999999,0.052399999999999995,0.0882,0.001976,0.053,0.08059999999999999,0.051,0.064,0.027800000000000002,0.0376,0.06,0.0726,0.048,0.0212,0.0494,0.0378,0.0626,0.075,0.0714,0.19440000000000002,0.276,0.246,0.226,0.298,0.254,0.398,0.16540000000000002,0.1522,0.1956,0.318,0.27,0.202,0.246,0.0882,0.038799999999999994,0.062200000000000005,0.0546,0.0968,0.0504,0.0696,0.0882,0.0808,0.124,0.0506,0.099,0.0692,0.1128,1.444e-06,0.000506,0.1056,0.218,0.126,0.232,0.094,0.13319999999999999,0.1076,0.1298,0.06620000000000001,0.1092,0.039200000000000006,0.085,0.0674,0.0606,0.0724,0.0496,0.028,0.0384,0.0804,0.089,0.0386,0.074,0.0522
